tag,U0,XL,DVTSHIFT,DeltaWGAA,DeltaTGAA,loss,log_rmse_vd005,log_rmse_vd070,log_rmse_all,rel_rmse_high_vd005,rel_rmse_high_vd070,max_abs_log_err,status
eval_0000,0.029999999999999995,1.2000000000000002e-08,0.0,0.0,0.0,0.7228072594420122,0.5925834140573575,0.7184530227378971,0.6515344705304251,0.11433157108169686,0.3608203549955505,1.9284757908738754,ok
eval_0001,0.0023214016931510303,2.8047879348072316e-08,0.27602041186759935,-3.6150819054460133e-09,-1.0115667534289e-09,7.059987312874038,7.62802627807086,5.49900459810197,6.7650255052034955,0.9799676204848311,0.9864444306521201,11.330726833690314,ok
eval_0002,0.0002514739342278566,2.482404434437526e-08,0.23331261776526732,1.1797371357031708e-08,1.1810950450435485e-09,2.079975449291851,1.6632266493697514,1.9202857900875447,1.7820588747699555,0.9926031260707527,0.9935073707418837,2.24463502315577,ok
eval_0003,0.03833444333609621,7.198592183873859e-09,0.15031806467234185,3.740456448821383e-09,1.6871198339032742e-09,1.1827274437159268,1.1833165925049203,0.8627595043258103,1.0529644206137132,0.6975863696648349,0.16750045101658895,2.245441396396415,ok
eval_0004,0.0052203204659727045,2.893782085793452e-08,-0.5547939648754244,1.7001880928087229e-09,-1.4820836269570572e-09,1.8698898958395358,1.6821870893206974,1.500692436328258,1.6040600629928479,0.8859299655702683,0.8862689200743182,3.791810992743325,ok
eval_0005,0.0009214956041377886,2.0797966584577904e-08,-0.3722808447881165,-2.495699811077352e-10,-9.142796375295428e-10,1.6728104089442928,1.3793444698732822,1.379591763045182,1.379454383422763,0.9775068668665318,0.9781999699436669,1.7526232002627262,ok
eval_0006,0.22893913704391497,2.2290392937113888e-08,0.3876007355735258,-1.3590526026247688e-08,2.4625026106210557e-10,294.94007333717764,294.0624084387619,295.3605656909917,294.6400733371777,1.0,1.0,296.7289626356506,ok
eval_0007,0.061704601513866246,1.0115166636008588e-08,-0.6886046026827976,-1.1653824096483427e-08,-4.904049415813985e-10,294.94007333717764,294.0624084387619,295.3605656909917,294.6400733371777,1.0,1.0,296.7289626356506,ok
eval_0008,0.31729325457712854,1.6388622922829936e-08,0.7534993920004732,-4.4352429495710665e-09,-7.740487404589639e-10,224.59494889670822,236.48474472622905,208.05586039529302,224.2949785489465,0.9999614923214345,0.9998408260901666,296.24758307078554,ok
eval_0009,0.016436566352812796,3.186451062118398e-08,-0.5692041969298821,2.1638794351234892e-09,8.202740055073927e-10,1.9660180406071774,1.885951855171884,1.6279446351595717,1.7759156305257382,0.6317027457013299,0.6356466548415985,4.3142505825949655,ok
eval_0010,0.00012689940236132103,-2.3739367930248747e-09,-0.20284915081758373,-8.19923322380455e-09,-1.7176139810282508e-09,294.94007333717764,294.0624084387619,295.3605656909917,294.6400733371777,1.0,1.0,296.7289626356506,ok
eval_0011,0.13322005054931146,1.4740629630420403e-08,-0.47116178288690613,6.95730846363437e-09,1.8866035386616997e-09,3.5806360506796744,2.775447529460096,2.3431820734015276,2.5922438555637446,4.625377178376454,1.963904122396411,5.85526207666918,ok
eval_0012,0.0010673335267028393,5.4089118354105555e-09,-0.10753236335944774,-5.4888116276240885e-09,-8.852031782362825e-12,294.94007333717764,294.0624084387619,295.3605656909917,294.6400733371777,1.0,1.0,296.7289626356506,ok
eval_0013,0.007048824638033333,3.438295324077507e-08,0.48741808035732376,8.250943793069834e-09,1.5192102508246404e-09,4.801657036946704,4.929160873612075,3.9573979234086334,4.523115051064999,0.9139043921771381,0.9430421803675563,7.098755470436107,ok
eval_0014,0.0026031957007587427,3.65335692067483e-08,0.40426136757191494,-9.22262052615982e-09,5.231973537279009e-10,294.94007333717764,294.0624084387619,295.3605656909917,294.6400733371777,1.0,1.0,296.7289626356506,ok
eval_0015,0.06914109615867857,-2.869334141416669e-09,-0.31046186446527013,-1.591325198756287e-09,1.3068794562461955e-09,3.1486377312200498,2.6007840222876504,2.0710933983805226,2.3799649650127948,4.024635956964971,1.099849151083396,5.311001363745352,ok
eval_0016,0.0002173924299790075,1.4890724103372365e-09,-0.04826034409361366,1.4823485490053445e-08,4.636666952041102e-11,2.12696869236268,1.7673014605569417,1.913085215090525,1.8335258209018837,0.9785233748516325,0.9777624348870089,4.343574123784447,ok
eval_0017,0.5643569458840938,1.863795847444941e-08,-0.7387632192482475,-1.0664405950418603e-08,-1.3424131118065508e-09,294.94007333717764,294.0624084387619,295.3605656909917,294.6400733371777,1.0,1.0,296.7289626356506,ok
eval_0018,0.6328279610538255,1.2620211825303443e-08,0.5701285420547725,9.383751263948868e-09,6.478741996323279e-10,4.073640567039515,1.740169611143173,1.30050861630412,1.5601368181475461,15.190525086533905,1.5661665727458896,2.9542259870113172,ok
eval_0019,0.0006247199617109599,3.785491722631382e-08,0.06565611881303327,1.2973607373026426e-08,-1.9557909273476695e-09,1.793936364197092,1.3960144483995052,1.61614352564024,1.4978488754275556,0.9862854173372555,0.987631174459653,1.9456857553039737,ok
eval_0020,0.015146784221055098,3.6514610997842002e-09,0.6459567363891603,6.260150781618417e-09,-3.6435054668597135e-10,1.5468482698336705,1.5396286342457686,1.3742887605708487,1.4684443789516737,0.20357049756813242,0.31912210831184745,3.5470057165791493,ok
eval_0021,0.001919099225720196,3.447672201494892e-08,0.15031806467234185,3.740456448821383e-09,-3.5843568601387514e-10,3.5836845868235363,3.4685746236501083,3.05668045127875,3.29187942137865,0.9692091517109946,0.9761586179215802,5.508928124193329,ok
eval_0022,0.00016329972799069875,-3.820492214748328e-09,0.23331261776526732,6.7884277147383e-09,1.1810950450435485e-09,2.130461806673271,1.7691614726557874,1.9167304889928336,1.8362124257221197,0.9811814462895918,0.9804810933847483,4.258408863335753,ok
eval_0023,0.004534137383453936,2.2328983565173518e-08,-0.4589097715814758,-2.5510360429974544e-09,4.618051659210445e-10,1.5100708187796525,1.3467100018370162,1.0938672150753606,1.2407131050822784,0.896461091026685,0.8992570002891422,2.5580210444697125,ok
eval_0024,0.02377480109197959,5.374671848862676e-10,-0.5547939648754244,4.643316878631176e-09,2.092025587000177e-10,2.6582763286820206,2.4680792165370087,2.373135763906591,2.4263408323197697,0.8002383682326453,0.7459982741823595,6.053164740027075,ok
eval_0025,0.0011903923557619557,2.0797966584577904e-08,0.7863238654856227,-1.0535028105801594e-08,4.841921852728795e-10,294.94007333717764,294.0624084387619,295.3605656909917,294.6400733371777,1.0,1.0,296.7289626356506,ok
eval_0026,0.0086036919099654,3.11832417234281e-08,0.3876007355735258,7.720040812711733e-09,2.4625026106210557e-10,3.5185345352747066,3.4696794004108886,2.9621282740149457,3.2538898321010152,0.8616988568555676,0.9025991643023737,5.151984546756804,ok
eval_0027,0.0053406378947849,-1.9642931992251996e-09,-0.6886046026827976,-1.1653824096483427e-08,6.631890952100887e-10,294.94007333717764,294.0624084387619,295.3605656909917,294.6400733371777,1.0,1.0,296.7289626356506,ok
eval_0028,0.00230107814573076,3.737616032752793e-08,-0.3616787746507181,9.663711485306922e-09,2.829985557400896e-10,1.7932807209332375,1.563667708701731,1.4391991126067234,1.5096158399883848,0.9451577560289103,0.945941450270109,3.2351754485537167,ok
eval_0029,0.016436566352812796,1.6832360979712747e-11,0.3113486370849812,2.0201929490864617e-09,1.4198551577049723e-09,1.1704758756583102,1.2415126909688328,0.9934982570221539,1.1379769552444858,0.01950892496457698,0.19715054446091862,2.4356786564458996,ok
eval_0030,0.4425700498767654,-2.3739367930248747e-09,0.244445734253436,4.776132759974868e-09,1.3762507964990438e-09,8.491188113293063,3.366769422686892,2.610848772949132,3.0539920502795663,31.800775826350264,4.447197927073043,6.513863391932602,ok
eval_0031,0.13322005054931146,2.4013498841332503e-08,-0.47116178288690613,8.215002778587611e-09,1.2476700438267808e-09,3.2172022842061816,2.655901715530647,2.246459983340833,2.4822794058821547,3.3309229707439876,1.5685628847495252,5.631498023036059,ok
eval_0032,0.0010673335267028393,-3.239743839484074e-09,0.06443509548384423,-5.138199827074093e-09,-1.7199918066171116e-10,294.94007333717764,294.0624084387619,295.3605656909917,294.6400733371777,1.0,1.0,296.7289626356506,ok
eval_0033,0.007048824638033333,3.223650292957066e-09,0.6065719817907308,5.761090241574056e-09,-1.543421698215628e-10,1.471023202513916,1.330774753210471,1.2105461377708007,1.2787361393014047,0.6231799684707056,0.6587337862793697,3.078905272938681,ok
eval_0034,0.28647638930443675,-4.3278766259591746e-09,0.3851369660077831,7.768187052257766e-09,6.96546530291196e-10,9.566366574300948,3.5055548807802914,2.9036754497799384,3.2518353720361866,33.719858595671035,8.377016086094034,6.827276784688744,ok
eval_0035,0.0007457621659732675,3.134814548564349e-08,0.31352241080204096,1.9777137206895946e-09,1.022560618251867e-09,5.95640114175493,6.259609938159752,4.803236522372055,5.658797548448462,0.9905559083212226,0.9934680470552348,9.316935031407752,ok
eval_0036,0.0002173924299790075,3.698975191517654e-08,0.3860455224199679,1.4823485490053445e-08,4.636666952041102e-11,2.97644401430364,2.6325842667397277,2.7328910333141763,2.6776289927907784,0.9955455457822393,0.9965545976368377,3.251411691075777,ok
eval_0037,0.0009752414797503916,3.063722582307058e-09,-0.7387632192482475,-1.0521871722199465e-08,8.756352778505999e-10,294.94007333717764,294.0624084387619,295.3605656909917,294.6400733371777,1.0,1.0,296.7289626356506,ok
eval_0038,0.6328279610538255,2.122520503700599e-08,-0.07396403419079843,6.333410881215926e-09,7.649441748508999e-10,4.588059567585201,2.334386068941675,1.6418214583315127,2.0555913558037555,14.989657537745346,1.8934638741309577,3.9622048085420296,ok
eval_0039,0.10413697728581106,2.1188992134906672e-08,-0.3790570761407298,7.48584808858996e-09,1.2679369425351426e-09,2.9417003440068,2.5472379088509367,2.1462232394183416,2.3773748733310844,2.5283022812785108,1.233867523226259,5.380479936124258,ok
eval_0040,0.0011267875524621734,3.6514610997842002e-09,0.6459567363891603,6.260150781618417e-09,1.0533154873205182e-09,1.4247288200663168,1.0949363875110854,1.1981702639728558,1.1419708300105207,0.9396586589851667,0.9453946080534742,1.8468416835890187,ok
eval_0041,0.05785431644685153,-1.2743738041179357e-09,-0.4530937047225434,1.0305902860791217e-08,8.795447827196519e-10,4.300553668028356,2.8977648157741784,2.763338997496629,2.838805975484852,5.273359124368711,4.4716254925879815,6.6668805141595815,ok
eval_0042,0.1966994580719109,2.482404434437526e-08,0.6829949088346915,7.016041293567001e-09,4.998405648887996e-10,4.673903580184305,4.7913459298618175,3.744727005797048,4.357329718605701,1.5997499212700377,0.5107424892539861,6.775536283266934,ok
eval_0043,0.7541411366359613,2.681239931515234e-08,-0.4589097715814758,2.1930299731193575e-09,1.2613129846802004e-09,5.237316716389464,2.860974566211218,2.133114627001803,2.5631271999964227,15.654143336711138,2.173786772575805,5.454239063327931,ok
eval_0044,0.002177501776894655,2.893782085793452e-08,-0.5547939648754244,1.7001880928087229e-09,1.262772248383093e-10,1.856475768240243,1.6197773020767907,1.5089286061214706,1.5714768246992867,0.9499380876685846,0.9500548692711243,3.4133008595919705,ok
eval_0045,0.0012541970704837957,2.0797966584577904e-08,0.32120446836766237,-4.1955098221530136e-09,1.5926209921624032e-09,119.3873350065233,130.43308022567214,103.1697574701347,119.08910646680997,0.9925102670596795,0.9956799976958591,291.82695165112466,ok
eval_0046,0.011976369974896784,2.3286076205111012e-08,0.023030913222928363,-2.058800622784262e-09,-1.880151673376548e-09,2.8022024847395355,2.690579259302367,2.379125762231459,2.556843568912308,0.7969732534655227,0.8387528520493281,4.853895263039403,ok
eval_0047,0.0031773471259605723,-4.217288171796945e-10,-0.1798952725841068,-3.616736423521167e-09,1.358442683838186e-09,1.341503093223542,1.0013512928598587,1.1860850834010324,1.0873368771057257,0.8383992504996646,0.8560421902857782,2.5479874620295657,ok
eval_0048,0.09838955813834924,5.285106459395728e-09,-0.48433306264349946,2.3034841440060306e-09,-1.0085622995606918e-09,3.3526574280367623,2.7322480749196623,2.3000012322242944,2.54920293397856,3.8629680133619835,1.493395280359366,5.801806898858575,ok
eval_0049,0.00042969413683284654,9.870913397003833e-09,0.6938958758029197,-2.7954489973612256e-09,1.952352660838576e-09,146.40879175747787,160.00374831335645,126.61459431712376,146.10917506667514,0.998301976606729,0.9991426287449482,293.02387884563984,ok
eval_0050,0.022966224166002386,-2.3739367930248747e-09,0.6432357832625795,-2.686729055312595e-09,-2.7371906379443356e-10,49.13540473930052,7.7002267068940355,72.86063585699983,48.91166242050066,0.6842401438336303,0.8073753148321084,290.66757323699136,ok
eval_0051,0.012419346593419396,2.061643191129865e-08,0.056109158973807284,-1.590824010111117e-09,-1.5015470025436134e-09,2.8740861854225996,2.7871653374754763,2.4324407944376203,2.6354111204874706,0.7705291529102816,0.8206379466572434,4.969995472421834,ok
eval_0052,0.20034234915147534,-2.6804928659831583e-09,-0.5979492581881936,1.3123325972803237e-08,1.9016375339359123e-09,9.246787118342409,3.4366239921670307,3.083353098095716,3.284309290277639,26.60564380405887,13.144208383039595,7.089366999055374,ok
eval_0053,0.0002548420031485213,3.6068853465797625e-08,0.6443151868837482,1.4914113373225696e-08,-1.468494107828636e-09,4.011927211486643,3.798876992929686,3.6024933237087975,3.71287795871071,0.9962043351093165,0.9974573500635728,4.89333149856897,ok
eval_0054,0.15916765612162437,2.219485019725424e-09,0.6613068895794602,4.1853253578073734e-10,5.647961240476462e-10,4.245244877612065,4.1065580086138045,3.2190501372335842,3.738214495579483,3.029631443857657,0.35057110302621997,6.0642809920880385,ok
eval_0055,0.06914109615867857,-2.869334141416669e-09,0.6748848920007667,-1.591325198756287e-09,1.0520792763327883e-09,4.859880684975073,5.056326048256401,3.8454453817153142,4.55804497889176,1.5275742800402812,0.4846637605151352,7.451448580004342,ok
eval_0056,0.8637434105709761,4.336023810602505e-10,0.10047126282293456,-9.094457604406936e-09,7.986727325432726e-10,294.94007333717764,294.0624084387619,295.3605656909917,294.6400733371777,1.0,1.0,296.7289626356506,ok
eval_0057,0.0007244375664691484,3.063722582307058e-09,-0.06754251504097519,1.2093555222287731e-08,1.9654470583636244e-09,2.100767226191389,1.7747107925202141,1.8736646872736897,1.8193548742704342,0.9391816311921277,0.9369007149475707,4.748567794176979,ok
eval_0058,0.00020533640404455506,1.2845200440191428e-09,0.2977595831872982,7.191611384346111e-09,1.8523274513216813e-09,2.0937908961799008,1.750164833843633,1.8570981078600746,1.7984758441211155,0.9845434812141531,0.9842235325110821,3.7998868725159136,ok
eval_0059,0.027137635187006213,3.785491722631382e-08,-0.17596043893497973,-4.488247571261316e-09,2.2721304813646982e-10,5.764109464050182,6.197382497455273,4.531907853639953,5.51956624980984,0.7812981855357396,0.8489899093998731,9.607503657001146,ok
eval_0060,0.1927216668592888,-4.544101446067917e-09,-0.26767067124766813,6.927598080440905e-09,5.322867644136512e-10,7.89328530682083,3.3816160466067413,2.9078291869744213,3.1797714410494335,23.285391794531062,8.138033977278248,6.843105794040859,ok
eval_0061,0.016436566352812796,3.23624961748061e-09,-0.3054189300768423,2.0201929490864617e-09,5.94360947788533e-10,2.102656443103532,2.167694728985622,1.9366417442260886,2.068193714661191,0.0972478415101817,0.13250368143875776,5.045665224554312,ok
eval_0062,0.001829606633460358,3.992490527226279e-09,0.24046640588643486,1.3095743231798667e-08,1.3529943064734564e-09,2.1480977913598536,1.867085603980869,1.923453663112057,1.892345377200819,0.8552496825765213,0.8497664118170443,5.098765238259937,ok
eval_0063,0.004534137383453936,2.2328983565173518e-08,-0.171297949224413,-2.5510360429974544e-09,4.618051659210445e-10,1.5967898150008513,1.2314154221498443,1.430246617466866,1.3234777946608887,0.9058549108592705,0.9162252247404794,2.871415360084436,ok
eval_0064,0.019238434639379447,2.893782085793452e-08,-0.7969119316221417,7.114662055379797e-09,2.876916779830996e-10,2.193354096973337,2.102892722249385,2.001161938501995,2.0582998761891758,0.4536347127233594,0.446726759171051,5.291181712877739,ok
eval_0065,0.0002567825490677053,2.4521229374432226e-08,-0.31413164143160527,-3.870232205028499e-10,4.4163320677723887e-10,2.048138722412667,1.645964055195179,1.8715961103122114,1.7498405119551768,0.9941886866158873,0.9944660497673798,2.2630183758239735,ok
eval_0066,0.004723401618317259,-1.1813325055557407e-09,0.3791439246781305,3.821306726287813e-09,3.4293929996810137e-10,2.0361511947955573,1.8981607955159192,1.7652059840202468,1.8402560417341594,0.6514712028893815,0.6544964841866059,4.703679392133589,ok
eval_0067,0.0031773471259605723,-4.217288171796945e-10,0.5566280538241166,-3.616736423521167e-09,1.358442683838186e-09,119.35654285676843,130.40707929148445,103.14935376745008,119.06542943424371,0.9623522240836402,0.978403926081116,291.82695165112466,ok
eval_0068,0.18287216301418321,-2.0730107891607794e-09,0.645832699077786,-6.590047314191401e-09,2.829985557400896e-10,294.94007333717764,294.0624084387619,295.3605656909917,294.6400733371777,1.0,1.0,296.7289626356506,ok
eval_0069,0.007704529373210969,7.198592183873859e-09,0.17142893767136835,8.435488272495389e-09,1.6871198339032742e-09,2.040705618866248,1.9399647606076666,1.772591047882526,1.8674293815037377,0.5746398080809817,0.5805351076690872,4.7205279645791665,ok
eval_0070,0.0030922344619827777,-2.3739367930248747e-09,-0.165429477309781,-2.9034919984418884e-09,4.609311194779671e-10,0.878933119891197,0.6500606090443223,0.6106238560387123,0.6328366430788456,0.8135707550083455,0.8270724237406649,0.9606739735194072,ok
eval_0071,0.0016102027519637185,2.7659653648924156e-08,0.056109158973807284,-4.476394817142149e-09,1.0416811620646646e-09,119.38130703176277,130.4264297354285,103.16507385223044,119.08325645875661,0.9917912606710654,0.9952125593700343,291.82695165112466,ok
eval_0072,0.20034234915147534,-2.6804928659831583e-09,0.019266200023174918,-1.318024882667871e-09,1.9016375339359123e-09,3.4834302885440236,1.9070040801203874,1.26738210065739,1.6535602117265367,10.920025335602052,1.2791085098478612,3.1172354617013287,ok
eval_0073,0.0007916286957096302,4.138333157604136e-09,-0.6435186619040305,-3.279653210516125e-10,1.7348567668509129e-09,1.9851458801315165,1.7020070221188652,1.6922121620688566,1.6976607278685525,0.9585899017348414,0.9579777800182515,3.915965582263002,ok
eval_0074,0.004229954162548211,2.219485019725424e-09,0.6613068895794602,-1.3854288507709608e-09,7.176157176381138e-11,49.268167672203866,8.241742312895179,72.89342518198548,48.98235206095229,0.9411581114324605,0.9642792969114286,290.66757323699136,ok
eval_0075,0.0014054197355101601,-1.0337039609880955e-09,-0.5684802572899876,-3.654948276726546e-09,1.9974389562332366e-09,1.7529088440624794,1.5680569024309312,1.3579571082846023,1.4783700588474367,0.9147277187588253,0.9155308493414596,3.276914358046789,ok
eval_0076,0.0011989491195588543,1.5760258235299956e-08,-0.04826034409361366,-8.26548267577699e-10,-6.153007146634189e-10,2.372607380388181,2.0402400928166537,2.1307591930868894,2.0809569683569387,0.9701566341916225,0.9741794460166605,3.60013039421497,ok
eval_0077,0.00044043083645714184,2.1488939046719547e-08,-0.4238524890572924,-8.661187783459596e-09,2.0371031877346682e-10,294.94007333717764,294.0624084387619,295.3605656909917,294.6400733371777,1.0,1.0,296.7289626356506,ok
eval_0078,0.002341080780339926,1.2845200440191428e-09,0.052925625337469744,-3.737502835931247e-09,1.8523274513216813e-09,4.090338222508793,4.151363424854993,3.3449906177223934,3.8140812255628957,0.9103672046876542,0.9313461082849909,6.814354098473629,ok
eval_0079,0.00032767945703227123,1.4639055455242963e-08,-0.717245996318586,1.2973607373026426e-08,-1.9557909273476695e-09,2.1369702820593353,1.775761023320933,1.9211012586301204,1.8417731867647416,0.9842526361144555,0.9837279991828378,4.120524396388947,ok
eval_0080,0.00045145579252833746,-2.9455533967172443e-09,-0.7207326128119645,6.260150781618417e-09,5.521128353596439e-11,2.105576051801798,1.768449881606752,1.8829309904725393,1.8202195038054025,0.9519163268840248,0.950460659758611,4.6842230699056735,ok
eval_0081,0.0030922344619827777,-4.8245959055377984e-09,-0.3687585992072987,-4.5142289570444407e-10,3.0105913470902124e-10,2.14674925679964,1.9546123148459007,1.9041168257000034,1.9323327885224832,0.7175680921761539,0.711875029671556,5.074444510148788,ok
eval_0082,0.00045684563857554216,2.428666025745938e-08,-0.30852683062936903,5.083036508963174e-09,-7.214100863610172e-10,1.9169551841412318,1.602743112267566,1.6426311305437447,1.6205923314822372,0.9877388958875978,0.9880134551723668,2.1882970706371356,ok
eval_0083,0.023475226970614847,1.527109055762898e-08,0.20351996221098184,-7.171841835794971e-09,1.4727533004164802e-09,294.94007333717764,294.0624084387619,295.3605656909917,294.6400733371777,1.0,1.0,296.7289626356506,ok
eval_0084,0.0002862082141006345,2.7086213389738844e-10,-0.4281893884277155,1.9057507718997728e-09,1.0231046640560605e-09,2.0686707437450678,1.7379234167269133,1.8195247290435619,1.7746539559538215,0.9802762680008169,0.9798356506074912,3.871377325023011,ok
eval_0085,0.0009214956041377886,2.9064022206019604e-08,-0.2359676859307875,-2.495699811077352e-10,-9.142796375295428e-10,1.7426671998288419,1.3282437466077215,1.5844794070041606,1.4477360570096873,0.9824741585017495,0.9837334602926137,1.810572263318606,ok
eval_0086,0.0005039862912564123,2.947344386804441e-08,-0.39295994175246635,3.821306726287813e-09,3.4293929996810137e-10,1.9202623044049076,1.608861429836308,1.642325225348346,1.6238193689001188,0.9880274543573877,0.9882587823412033,2.1744080852519216,ok
eval_0087,0.005979568111407419,9.572455879662364e-09,-0.1798952725841068,4.240106086423324e-09,1.32370034856404e-09,1.830027757050495,1.716942055698363,1.4607673881481182,1.6081326493875814,0.736723422872781,0.742577294879976,3.855869179734671,ok
eval_0088,0.018192244201883007,-1.6169110510326236e-09,0.46858298628863815,1.1860648379504398e-09,4.4719138511391426e-11,0.6782325039281462,0.6729524979209137,0.5719889599193633,0.630080312638223,0.10469884787451535,0.2163157607249729,1.3881183431642405,ok
eval_0089,0.03833444333609621,9.232969030236705e-09,0.6696432958783447,4.1811174157752965e-10,6.908440445287898e-10,49.12680769660584,7.579793989712534,72.85772909103682,48.8992855410702,0.7020273605771913,0.8147870096603922,290.66757323699136,ok
eval_0090,0.031127871947304556,4.735618355032655e-09,0.23923847587192437,2.0201929490864617e-09,1.4198551577049723e-09,0.201128961278703,0.12962530970587163,0.11245366505996723,0.12229150589354243,0.3719956234737583,0.15358741242731216,0.30152402719111393,ok
eval_0091,0.009454095659963083,1.1854574200427718e-08,0.33367560574637684,5.665379225132179e-09,1.265271810473828e-09,0.8727531485801096,0.616058516483429,0.7156134779113391,0.6621556612670693,0.6711318835691563,0.7328513651844463,0.9543981669675228,ok
eval_0092,0.6859454052380897,2.169729319055094e-10,0.38000349409015843,-1.318024882667871e-09,1.735855745318873e-09,3.9527326884386826,2.556504840973146,2.0972071425437737,2.363417868834647,9.99005832096851,0.6053738097250614,4.27502197886397,ok
eval_0093,0.7879119703017131,2.64482150999196e-09,0.362335327240378,-2.307456876326709e-09,-1.543421698215628e-10,4.816986639715491,4.024933287073583,3.1253607774688392,3.652578385870077,7.407911799323953,0.35480989297880783,6.52385769710607,ok
eval_0094,0.04339483108084755,2.0033131520296483e-08,0.41289389977490565,7.072034584379969e-09,1.6583914256488785e-09,1.8041808485156579,1.8233808045807374,1.5732020357911294,1.7166972933914222,0.18557804145958032,0.39764565936865703,2.793039403581581,ok
eval_0095,0.006040939815486839,4.6203730357721435e-09,-0.2465343779365446,-3.654948276726546e-09,1.9974389562332366e-09,1.005366090789221,0.6702551168283581,0.8860095860385069,0.7736106941106665,0.759930815423372,0.7851051624336569,2.0675810594072512,ok
eval_0096,0.4125478148420561,1.4890724103372365e-09,0.06318368249174854,1.2121439486490566e-10,1.2049550783046405e-09,3.9215332811705723,1.7830594926932273,1.1357576490283356,1.5295710190813718,14.514131185783276,1.432283894811394,2.7367801531579152,ok
eval_0097,0.0008350830660500621,2.2487264647175424e-09,0.2814093021072752,1.2093555222287731e-08,1.7314985079825003e-09,2.1032836015399874,1.7849468167735438,1.8744124277066012,1.825250773945988,0.9281655370641437,0.9253866468958526,4.8063514564248075,ok
eval_0098,0.05558363646930958,2.030138308182386e-08,-0.14627001361783593,7.191611384346111e-09,1.931758505622312e-09,2.0095510513939487,1.9947091959351695,1.5793203547482852,1.8218225006060598,0.8491630822882758,0.4023605896309854,3.9488568353751825,ok
eval_0099,0.8096387786995323,1.514190174786458e-08,0.6529112953576202,-1.5475794929934618e-10,-5.760770345532685e-11,84.63614794614679,92.12561644887367,72.86581004514869,84.11193013846865,2.8723075254725323,0.622477859048486,290.7393597465565,ok
eval_0100,0.0015408710650591914,3.6514610997842002e-09,0.10614514130369167,8.776913576375201e-10,3.816694047792e-10,1.2447714196965416,0.8726065022374313,1.0688034196786198,0.9647436929857511,0.9298248077524152,0.9370267036528542,1.2460827277639175,ok
eval_0101,0.02617019163138193,4.735618355032655e-09,0.23923847587192437,2.0201929490864617e-09,1.4198551577049723e-09,0.19103255516207088,0.09950224225111287,0.16748919680321114,0.13404559972393096,0.1560820270766772,0.22383100917758894,0.3797715070611236,ok
eval_0102,0.031127871947304556,4.9723992727842885e-09,0.23923847587192437,2.0201929490864617e-09,1.4198551577049723e-09,0.22662690570278696,0.13242922245025227,0.1679212439945614,0.1492491100039037,0.3512137915511692,0.16463817977471906,0.44329922269709243,ok
eval_0103,0.031127871947304556,4.735618355032655e-09,0.2512003996655206,2.0201929490864617e-09,1.4198551577049723e-09,0.23540862855934316,0.1394848398197287,0.17513491903932735,0.15633619832674137,0.3630765992098823,0.16407293567412978,0.4482507285720132,ok
eval_0104,0.031127871947304556,4.735618355032655e-09,0.23923847587192437,2.1212025965407854e-09,1.4198551577049723e-09,0.21848758739924454,0.17298751256960385,0.07997843070541961,0.1395268174292832,0.3815638607198735,0.14484127241320213,0.41895148117322734,ok
eval_0105,0.031127871947304556,4.735618355032655e-09,0.23923847587192437,2.0201929490864617e-09,1.490847915590221e-09,0.20308073377513616,0.12775043296978025,0.11903451922076752,0.1239523800516906,0.37415274149195016,0.15336961666435364,0.3225918230640925,ok
eval_0106,0.02904105704125426,4.830330722133308e-09,0.22727655207832814,2.0605968080681906e-09,1.448252260859072e-09,0.19981233344220667,0.15554666717703977,0.09337070419573662,0.13159119438517614,0.28526090323662606,0.16954669047691082,0.39733562715814585,ok
eval_0107,0.02824604295889576,4.536722384121284e-09,0.23445370635448592,2.0767583516608828e-09,1.4596111021207122e-09,0.21938185391536255,0.18742447938131007,0.0939176334479884,0.15308739872905516,0.27129899493482557,0.17066403964055693,0.4754755444562644,ok
eval_0108,0.02894046929270297,4.6456416062870365e-09,0.23564989873384556,2.0626170010172774e-09,1.4496721160167775e-09,0.19804498091453282,0.15204131125788892,0.09270836754333256,0.12908316324296515,0.2907963128237572,0.16894913832002728,0.3933166132254229,ok
eval_0109,0.027434690839463337,4.73751260237467e-09,0.23301827549925436,1.952314465997156e-09,1.4715378854454341e-09,0.19779901689200632,0.10753851455558106,0.1642677156271773,0.13571137271331443,0.21041460519493752,0.20350302266300843,0.4046477676595188,ok
eval_0110,0.02608316725428345,4.738270301311476e-09,0.23053019535018632,2.026172720215757e-09,1.3928211155022705e-09,0.17588232712881147,0.11355740370232222,0.12710900610697778,0.11976978723649422,0.15683394204575452,0.21724965723636047,0.32677338018722146,ok
eval_0111,0.023876231095867208,4.739596274450886e-09,0.22617605508931726,2.029162605780405e-09,1.3438077154582953e-09,0.17559200820604218,0.11888478136471634,0.13789473435014488,0.12768354424847483,0.06479710266825858,0.254592657048857,0.3599251391514233,ok
eval_0112,0.023457777532855335,4.739861469078766e-09,0.2253052270371435,2.029760582893334e-09,1.4333948964888483e-09,0.17451710588832947,0.11163682041379439,0.14512806451198695,0.127611615108975,0.05109204472324926,0.2616112271391139,0.34066754359335505,ok
eval_0113,0.020363647901805962,4.741983026101822e-09,0.21833860261975313,2.0345443997967705e-09,1.4401647658807866e-09,0.21107199798593337,0.12640909758605878,0.17133645524741842,0.14806943692050967,0.09596178071514437,0.32405529305434705,0.3714565150863187,ok
eval_0114,0.023085200559948355,4.608961400756299e-09,0.2364786208142659,1.9770222338416634e-09,1.3990548475866587e-09,0.19336239526187765,0.09553234745142226,0.19100902692248858,0.1458956782968952,0.03974819678177955,0.27669658298477,0.38722254394534517,ok
eval_0115,0.021162732168336376,4.778978434390275e-09,0.22843676299091653,1.940764134022331e-09,1.3773880850569057e-09,0.24386488355114438,0.12315954923689396,0.23868573242853025,0.1837041366197743,0.07789873102623113,0.3231729151829028,0.48061690152593783,ok
eval_0116,0.02676221841894272,4.6789758133128464e-09,0.2338466147981133,2.032153784268541e-09,1.4316011082768096e-09,0.17774193395835974,0.11616365102590423,0.12127453567691339,0.11846238086082858,0.19035611492873578,0.20484090572147198,0.32649091898879234,ok
eval_0117,0.022103754610439487,4.663692722677912e-09,0.23139972194505137,2.0830023963510068e-09,1.3395476047607998e-09,0.18397709397739048,0.1224646035550258,0.15121520727048954,0.13599511889070653,0.03253400492901666,0.2873458289822096,0.3777795035274796,ok
eval_0118,0.025815790526758486,4.81413645306493e-09,0.22590781708235402,2.1006866935102365e-09,1.3882277454892315e-09,0.19562839256974004,0.16132555339591773,0.1110560493586851,0.14121042426469257,0.14780269842222454,0.21498375694475869,0.4431571490832038,ok
eval_0119,0.02373950155627204,4.660255163833457e-09,0.23383591988128793,2.0079383487588067e-09,1.3963480720623018e-09,0.17793388310152455,0.09239293970411944,0.16464509666089797,0.12957807940206506,0.06112020875988867,0.2612518159031746,0.32396772888717784,ok
eval_0120,0.021901711554546774,4.657334222308892e-09,0.22098693962844101,2.0526141381343763e-09,1.3580246011138498e-09,0.20307689357212208,0.16377765996742585,0.14380569516900393,0.15521881378456628,0.03357974184293309,0.2854741234074389,0.4616225582863507,ok
eval_0121,0.025030797733791185,4.716047321851714e-09,0.23467559181105352,2.0282982463484405e-09,1.4043975185571918e-09,0.17637978399856855,0.09561543258864381,0.15206954698796096,0.12392297931917323,0.11140061183739539,0.23831141935857333,0.3146193252812619,ok
eval_0122,0.027253504983332868,4.750201694333157e-09,0.2301360415017148,1.9679230308688044e-09,1.4642721195765792e-09,0.18577280981404276,0.10481923346719406,0.14572992185751396,0.12467032036608446,0.2044031231779208,0.20294680647513458,0.35307400901819896,ok
eval_0123,0.0232919113629663,4.685319965591723e-09,0.23108380183421723,2.0542325549804564e-09,1.3707287334647446e-09,0.1742676336390437,0.11085850995586889,0.14576595668232237,0.12755778762681474,0.04609694844428138,0.26530202497057837,0.34447957810225915,ok
eval_0124,0.025183160353977895,4.763665173880918e-09,0.22659899634664998,2.0615047609496642e-09,1.3972239168360544e-09,0.18203114041122376,0.13694083378014973,0.12005301001329367,0.1297068749291695,0.12094637627804004,0.2278820602689883,0.3950895629113127,ok
eval_0125,0.024092466001289965,4.686107666345322e-09,0.23202668899762846,2.021329951806521e-09,1.3965670332557402e-09,0.17382885481686675,0.0980969754982384,0.15144492174227323,0.12465835101303568,0.07493431518337172,0.2528690435088354,0.29434246008944065,ok
eval_0126,0.021419206294738282,4.747797265614519e-09,0.22586033110963066,2.0329597924551214e-09,1.3479572506131184e-09,0.19369081388834766,0.10471184680510572,0.17233090603431162,0.13889029203939932,0.05883714685861709,0.30649966546770535,0.31667970599777817,ok
eval_0127,0.025312930490895953,4.6961811763882644e-09,0.23185004387599265,2.032355286315186e-09,1.4106901438608866e-09,0.1738728464893241,0.1093998945052836,0.1330515804496303,0.12048631864674911,0.12674944508369115,0.22916074053347568,0.3240351383729525,ok
eval_0128,0.023003710213818033,4.702779298890272e-09,0.2239011349226661,2.0384381463619208e-09,1.3776778904542142e-09,0.18155772358601693,0.1333302131158288,0.13888829207166944,0.1358285517955563,0.03735871290539984,0.26750243236433774,0.396614956454421,ok
eval_0129,0.02450786560607265,4.712730316111353e-09,0.23198197758895667,2.0308332213518104e-09,1.3977176115314475e-09,0.1734238951441205,0.10037160622821405,0.14638523088043268,0.12296649948657137,0.09098633947472208,0.24539629824227194,0.3005856130425979,ok
eval_0130,0.02436927964491771,4.668483962955286e-09,0.23472304064425814,2.0382420331585184e-09,1.4598316519823717e-09,0.17436404728445976,0.09587386139401204,0.15204196168072587,0.12401882426107044,0.08867924410519785,0.24695557605073076,0.2992863520892186,ok
eval_0131,0.025185114723742345,4.639667765878013e-09,0.23936099413927775,2.0410366361516623e-09,1.3808191731492278e-09,0.17485255599082125,0.09639275955537499,0.14698005100444608,0.12150462361873768,0.1211073237185956,0.23454555876196156,0.2955823255264356,ok
eval_0132,0.023878175002437267,4.714813043278579e-09,0.22881916881267705,2.032579596207916e-09,1.4202509656539433e-09,0.17326316956644078,0.1062726563150746,0.1450134110955966,0.12498219650620103,0.06716663920552736,0.2547065145294043,0.32479224170396215,ok
eval_0133,0.024046478272735584,4.729576904130811e-09,0.22758163179953067,2.030290211106238e-09,1.338550143124333e-09,0.17479919361055435,0.11644093834606531,0.13762501035015748,0.12629552402998856,0.0715067361696763,0.2518510610340957,0.35360035185045824,ok
eval_0134,0.024288175309800382,4.683757198249167e-09,0.23293768843307627,2.036254077645448e-09,1.429511274767862e-09,0.17321828077173707,0.09946425627943926,0.14784341270187934,0.12333170724309242,0.08435060909921441,0.24822654775841652,0.29968490166140427,ok
eval_0135,0.025583793897227067,4.712115794557352e-09,0.2319624252491152,2.007108298350296e-09,1.4511660781632074e-09,0.17689709922927704,0.09914983326771537,0.1462682983006745,0.12235245424418532,0.13637277503561962,0.2272581915316586,0.3161634850659105,ok
eval_0136,0.02384487683268666,4.69201892283313e-09,0.23130345768794172,2.0424514908229164e-09,1.3908380696393604e-09,0.17298673674992573,0.10596596075277442,0.1448142991640475,0.12473467359015815,0.06605032761931644,0.25563009344580073,0.32658510455265066,ok
eval_0137,0.022985222529378128,4.699589682338755e-09,0.23097754873211943,2.0330240488186597e-09,1.4032638380784546e-09,0.17612584631530737,0.09690954803671656,0.1613994970700539,0.12959616469002155,0.036303191893337965,0.27389468560856733,0.29434246008944065,ok
eval_0138,0.02470978679082861,4.6970333028758875e-09,0.23163192009002434,2.032522476941054e-09,1.4088335674152787e-09,0.17307804821210704,0.10523300902068414,0.13996047824482236,0.12189507000322243,0.10098475235963345,0.2402351023662639,0.31658335783606617,ok
eval_0139,0.024395233637515647,4.714033446993924e-09,0.23064299604744198,2.048526393381137e-09,1.4222935623474166e-09,0.17311979243415973,0.10940813923018951,0.13837840786424113,0.12312822571126221,0.08856907343549533,0.24470803805048807,0.33284884825551586,ok
eval_0140,0.0239375965562994,4.687932049580921e-09,0.23015211483950787,2.0461003926475786e-09,1.430973364398097e-09,0.17334374777263253,0.1107642137821652,0.14039614807839473,0.12480556827628954,0.07162131683667583,0.25196654647227745,0.33957223572633843,ok
eval_0141,0.024078907582958234,4.694131616213529e-09,0.23060958052687008,2.0422835998236364e-09,1.4226594261814347e-09,0.17297984594466737,0.10774091895811863,0.14166896870720883,0.12397173283004473,0.07636810787663081,0.2503526462208534,0.3297750076962309,ok
eval_0142,0.024651262258088006,4.677576751587678e-09,0.23403108830146474,2.048235619237761e-09,1.4094033944865978e-09,0.1726265865388116,0.10459824760293367,0.13984361553189867,0.12153139248228878,0.09971268950955615,0.2409219375339295,0.3175458999188585,ok
eval_0143,0.02504714198591655,4.658958605742228e-09,0.2366370480458586,2.056063630752683e-09,1.403979608902925e-09,0.17273568968822264,0.10422580073861426,0.1373388449767034,0.12007540272501299,0.11692558068325008,0.23414299907148087,0.31407075943144847,ok
eval_0144,0.024379405623460165,4.706160417952493e-09,0.23034992862842085,2.0493537544371537e-09,1.3920999332601736e-09,0.17408598367884973,0.1151453239759978,0.13475920219411275,0.12424545530327484,0.08784583449828275,0.24442435467221657,0.34960007597711673,ok
eval_0145,0.024310950832567724,4.6893580031749986e-09,0.23229074848191242,2.0395289968433745e-09,1.42015843939094e-09,0.1727909620014691,0.10269632036063127,0.14425990263435856,0.12291657021933639,0.08522338054942688,0.24727256466479133,0.3121280264873434,ok
eval_0146,0.024238838531532813,4.666013991680165e-09,0.23330372198784333,2.03348248008636e-09,1.3984635964980284e-09,0.17281646061884068,0.10126671660636823,0.14589049228884204,0.12311281295457574,0.08235743818149119,0.24900021291360833,0.3082163182853659,ok
