tag,round_name,u0,xl,dvtshift,delta_wgaa,delta_tgaa,eot_0,loss,log_rmse_all,log_rmse_low,log_rmse_mid,rel_rmse_high,lin_rmse,max_rel_err_high,status
fit_l202,local,0.016,1.2e-08,0.0,0.0,-1e-09,9.5e-10,0.12514848290673236,0.07888012793417624,0.04896619216542235,0.07411576007350532,0.18507341989022452,2.619270541475683e-06,0.26596919945773206,ok
fit_c048,coarse,0.02,1.2e-08,0.0,0.0,0.0,9.5e-10,0.13738340606413385,0.09916348103730503,0.022087171608666387,0.1474270281889716,0.15287970010731528,1.873304018483035e-06,0.34716891060499544,ok
fit_c044,coarse,0.015,1.2e-08,0.0,0.0,0.0,9.5e-10,0.1396947379019824,0.08744907750394283,0.10338026256765455,0.0476675105687408,0.20898264159215824,2.8880949254469717e-06,0.2904086449501654,ok
fit_c028,coarse,0.02,1.2e-08,0.0,0.0,0.0,9.000000000000001e-10,0.14036392370656478,0.09955966783229578,0.07188170312709476,0.1386171400760618,0.16321702349707598,1.9381487764433138e-06,0.36408314360372857,ok
fit_l130,local,0.02,1.2e-08,0.0,0.0,-1e-09,9.024999999999999e-10,0.14123675699215557,0.10427608980376621,0.05477427508762164,0.15336643937542743,0.14784266875355745,1.866536941801796e-06,0.3402042264290463,ok
fit_l266,local,0.024,1.6e-08,-0.02,0.0,-1e-09,9.5e-10,0.14466736159923127,0.10585489427528981,0.1352947229431714,0.12972044595418877,0.15524986929576579,1.829183666853385e-06,0.3451790008404384,ok
fit_l230,local,0.02,1.6e-08,-0.02,0.0,-1e-09,9.5e-10,0.14611435842118178,0.11219258079121201,0.21396923026748862,0.08289737477613812,0.13568711051987906,1.9601982313459777e-06,0.20198331878109277,ok
fit_c064,coarse,0.015,1.2e-08,0.0,0.0,0.0,1.05e-09,0.1477906074767478,0.0912611560126988,0.08224062594487463,0.058623420487663495,0.22611780585619598,3.0977587604805325e-06,0.3067210772506838,ok
fit_l080,local,0.016,1.2e-08,-0.02,0.0,0.0,9.024999999999999e-10,0.1499550939727484,0.11159171171500583,0.13658287827650795,0.13361851293461136,0.15345352903097023,2.2773603158923447e-06,0.22693501972979147,ok
fit_c008,coarse,0.02,1.2e-08,0.0,0.0,0.0,8.500000000000001e-10,0.1621317835942699,0.11839611481182839,0.16545482691950017,0.1377783777049332,0.17494267512976605,2.022358706387408e-06,0.3819923314847405,ok
fit_c024,coarse,0.015,1.2e-08,0.0,0.0,0.0,9.000000000000001e-10,0.16473124186996724,0.11473301434356782,0.19635210257965094,0.07031782695309605,0.19999291010559767,2.7778999112039138e-06,0.28165366216114823,ok
fit_l248,local,0.02,1.2e-08,0.02,0.0,0.0,9.5e-10,0.17679411952984284,0.145469802889555,0.2784104758483326,0.1287867796046941,0.1252972665611514,1.4571482396372648e-06,0.27752206884550523,ok
fit_c068,coarse,0.02,1.2e-08,0.0,0.0,0.0,1.05e-09,0.17936420029508046,0.14528052904010516,0.2060729310126577,0.18040115481595767,0.13633468501990123,1.799003089163494e-06,0.31632530925436403,ok
fit_c004,coarse,0.015,1.2e-08,0.0,0.0,0.0,8.500000000000001e-10,0.19869778878483021,0.1509968397542054,0.2899871515878083,0.10077446799556758,0.1908037961224993,2.6644761352131008e-06,0.27250359827561577,ok
fit_l120,local,0.02,1.6e-08,-0.02,0.0,0.0,9.024999999999999e-10,0.21367586336563646,0.18462110347294802,0.38406451866323793,0.13184969259705584,0.11621903957075377,1.6523260235380767e-06,0.16652563848557356,ok
fit_c069,coarse,0.02,1.2e-08,0.04,0.0,0.0,1.05e-09,0.21598414860011275,0.1930668905894324,0.38583956640742206,0.1636040856018477,0.09166903204272137,1.1535072637165247e-06,0.1810114452644974,ok
fit_l302,local,0.016,1.6e-08,-0.02,0.0,-1e-09,9.975000000000001e-10,0.2251066178438312,0.1521900635454031,0.23840050504316915,0.08302339404441268,0.29166621719371244,3.869965955474785e-06,0.3687860474777655,ok
fit_l284,local,0.024,1.2e-08,0.02,0.0,0.0,9.5e-10,0.22563432779678833,0.1502913310356161,0.19945303241372664,0.16309786675301977,0.3013719870446889,3.3842268959169165e-06,0.5322305187087837,ok
fit_l116,local,0.02,1.2e-08,-0.02,0.0,0.0,9.024999999999999e-10,0.2259248731777781,0.17824879538661578,0.23329973803256845,0.22915055529948264,0.19070431116464928,2.398764766681345e-06,0.4297501658341051,ok
fit_c073,coarse,0.025,1.2e-08,0.04,0.0,0.0,1.05e-09,0.24297809546796023,0.17262811693939611,0.289192906890516,0.16284236230682805,0.2813999141142564,3.1291643051044286e-06,0.47551809041891296,ok
fit_l166,local,0.024,1.2e-08,0.0,0.0,-1e-09,9.024999999999999e-10,0.25254626031911576,0.17141734668174183,0.13364472130571528,0.23083810564643503,0.3245156545494958,3.7770842270618722e-06,0.6078470897619443,ok
fit_l384,local,0.024,1.6e-08,0.0,0.0,0.0,9.975000000000001e-10,0.2624511517325101,0.2296212843953459,0.47072199553870653,0.17889865378117545,0.13131946934865688,1.4281413006027466e-06,0.2795119786100621,ok
fit_l380,local,0.024,1.2e-08,0.0,0.0,0.0,9.975000000000001e-10,0.26532817688342936,0.18453275019952764,0.18843198830447447,0.23953369468020871,0.323181706735607,3.7779827381617955e-06,0.5978975409391598,ok
fit_c032,coarse,0.025,1.2e-08,0.0,0.0,0.0,9.000000000000001e-10,0.2717190310390182,0.16973923691248435,0.026102102131118538,0.2272522221479999,0.4079191765061352,4.711484602384934e-06,0.704357713342952,ok
fit_l298,local,0.016,1.2e-08,-0.02,0.0,-1e-09,9.975000000000001e-10,0.2744232482122068,0.22840395217490803,0.4292306392870135,0.20396752733230938,0.18407718414919522,2.6934603528380945e-06,0.266943166450704,ok
fit_c012,coarse,0.025,1.2e-08,0.0,0.0,0.0,8.500000000000001e-10,0.275960192838519,0.16922743114818928,0.06937224358740142,0.2172812124860571,0.4269310467613191,4.90576370882252e-06,0.7272416756353559,ok
fit_c052,coarse,0.025,1.2e-08,0.0,0.0,0.0,9.5e-10,0.2790125045449393,0.1815234054694995,0.11824441499464161,0.2412443936736233,0.38995639630175927,4.532340278248154e-06,0.683463660815105,ok
fit_l170,local,0.024,1.6e-08,0.0,0.0,-1e-09,9.024999999999999e-10,0.28472563510653737,0.2506910700419731,0.5152359703785385,0.19466698250525644,0.13613826025825707,1.4802877102158515e-06,0.2904564823151247,ok
fit_l348,local,0.02,1.6e-08,0.0,0.0,0.0,9.975000000000001e-10,0.30060976393005895,0.26783859327034565,0.5496866691949205,0.20722777062887343,0.1310846826388532,1.860501261532606e-06,0.19535627251698412,ok
fit_l084,local,0.016,1.6e-08,-0.02,0.0,0.0,9.024999999999999e-10,0.3082319867701192,0.24473615822844777,0.4806543088158271,0.17216720801158114,0.25398331416668574,3.4181918291173065e-06,0.33330806061634904,ok
fit_c049,coarse,0.02,1.2e-08,0.04,0.0,0.0,9.5e-10,0.3115919168824204,0.2870192658464501,0.5793366086777175,0.24092288852541807,0.09829060414388115,1.1211649968967703e-06,0.20389540755690125,ok
fit_c072,coarse,0.025,1.2e-08,0.0,0.0,0.0,1.05e-09,0.31834291370164053,0.2289978064386287,0.3025975031088653,0.2765666700867849,0.3573804290520473,4.215235966192602e-06,0.644660420406246,ok
fit_l134,local,0.02,1.6e-08,0.0,0.0,-1e-09,9.024999999999999e-10,0.32276398608769735,0.2893036995927821,0.5941724941753326,0.22452741439254356,0.13384114597966096,1.902926025359246e-06,0.20067007136274015,ok
fit_c077,coarse,0.03,1.2e-08,0.04,0.0,0.0,1.05e-09,0.32545306753770925,0.1938615981182919,0.21035955933171338,0.20041210916613417,0.5263658776776694,6.072682078047082e-06,0.7700247355733285,ok
fit_c060,coarse,0.01,1.2e-08,0.0,0.0,0.0,1.05e-09,0.3266062064810943,0.20789016033887292,0.0962049460262819,0.12347500327841364,0.47486418456888535,6.072566917309388e-06,0.5378140515004559,ok
fit_l334,local,0.02,1.2e-08,-0.02,0.0,-1e-09,9.975000000000001e-10,0.3276705635767802,0.2886950777803373,0.5258043002353341,0.2935898284373623,0.1559019431857716,2.2198550237536735e-06,0.3700528728973993,ok
fit_c053,coarse,0.025,1.2e-08,0.04,0.0,0.0,9.5e-10,0.3328661633765708,0.25500272393385703,0.48265655011117414,0.21628693554920977,0.3114537577708552,3.4449868012486206e-06,0.5043717820049873,ok
fit_c065,coarse,0.015,1.2e-08,0.04,0.0,0.0,1.05e-09,0.3367608099091486,0.2730340175454174,0.510489071847152,0.23382299418077623,0.25490716945492475,3.3951746711179665e-06,0.3222661312067079,ok
fit_l152,local,0.024,1.2e-08,-0.02,0.0,0.0,9.024999999999999e-10,0.34533931195919987,0.24790054429661199,0.31229444510712073,0.3077145936305557,0.3897550706503514,4.630477093368477e-06,0.7162971719302931,ok
fit_l398,local,0.024,1.6e-08,0.02,0.0,-1e-09,9.975000000000001e-10,0.3528145600470994,0.33024440398643734,0.6728133915707166,0.27163680802322443,0.09028062424264824,1.0391936022410252e-06,0.1820064001467758,ok
fit_c040,coarse,0.01,1.2e-08,0.0,0.0,0.0,9.5e-10,0.3551661849655862,0.23974597854802157,0.27915544377801355,0.1664130017718262,0.46168082567025853,5.92144819513137e-06,0.5269095255852208,ok
fit_c029,coarse,0.02,1.2e-08,0.04,0.0,0.0,9.000000000000001e-10,0.3615130970917844,0.3353755216142684,0.6767967877423876,0.2825764519396749,0.104550301910064,1.1416040212178483e-06,0.21682982102652087,ok
fit_c020,coarse,0.01,1.2e-08,0.0,0.0,0.0,9.000000000000001e-10,0.3794890418738093,0.26584389012233145,0.3721668121633889,0.19413920649104152,0.45458060700591135,5.8405377171307604e-06,0.5212463799430549,ok
fit_c033,coarse,0.025,1.2e-08,0.04,0.0,0.0,9.000000000000001e-10,0.38212573742594214,0.3001052382124115,0.5801236456117077,0.2504579090061149,0.32808199685412254,3.6234945052611335e-06,0.5202910601214422,ok
fit_c057,coarse,0.03,1.2e-08,0.04,0.0,0.0,9.5e-10,0.3954197255219952,0.25443768896345664,0.40374162080010634,0.22675054288674956,0.5639281462341543,6.478811081705242e-06,0.8048481564530734,ok
fit_l234,local,0.02,2e-08,-0.02,0.0,-1e-09,9.5e-10,0.4008177381834968,0.34442102705362876,0.6949109341527894,0.2670288516748181,0.2255868445194721,3.0557086903387477e-06,0.29879788956212017,ok
fit_l312,local,0.016,1.6e-08,0.0,0.0,0.0,9.975000000000001e-10,0.4065989837755212,0.3347262042418586,0.6463900189353177,0.2707946759704389,0.28749111813465045,3.8026119413965747e-06,0.3560710158677935,ok
fit_c000,coarse,0.01,1.2e-08,0.0,0.0,0.0,8.500000000000001e-10,0.40860332351544076,0.2968361682038053,0.4657897934478589,0.224890223937373,0.44706862124654184,5.755195756300556e-06,0.5151476077130301,ok
fit_c016,coarse,0.03,1.2e-08,0.0,0.0,0.0,8.500000000000001e-10,0.40860583498858427,0.2333744436440762,0.015716042935088905,0.29001756443694493,0.7009255653780323,8.185731934964766e-06,1.0724910197859714,ok
fit_c036,coarse,0.03,1.2e-08,0.0,0.0,0.0,9.000000000000001e-10,0.4104454108164254,0.24109592971045282,0.1043213680737101,0.3032872398576342,0.6773979244238901,7.937767936519796e-06,1.0446322830821755,ok
fit_c009,coarse,0.02,1.2e-08,0.04,0.0,0.0,8.500000000000001e-10,0.4126145887335883,0.3844326843706872,0.7745868067467633,0.3258527958117209,0.11272761745160431,1.189601561286664e-06,0.23075918937841894,ok
fit_l362,local,0.02,1.6e-08,0.02,0.0,-1e-09,9.975000000000001e-10,0.41726201536272695,0.3764400192804485,0.7518015816100366,0.31859530250122303,0.16328798432911373,2.27260827259408e-06,0.22880973164647492,ok
fit_c056,coarse,0.03,1.2e-08,0.0,0.0,0.0,9.5e-10,0.42019095919975263,0.25633941576973984,0.19714597224304786,0.3190866022533164,0.6554061737200512,7.707774252781769e-06,1.0187634561429362,ok
fit_c045,coarse,0.015,1.2e-08,0.04,0.0,0.0,9.5e-10,0.42310237983490423,0.3638642345273387,0.703996962790329,0.3165147938339992,0.23695258123026214,3.1889532842605713e-06,0.30584072306306564,ok
fit_l098,local,0.016,1.6e-08,0.0,0.0,-1e-09,9.024999999999999e-10,0.4273414980367258,0.35534038418734704,0.690891959903559,0.2876571575666144,0.288004455397515,3.8225400473252585e-06,0.360448507262302,ok
fit_c013,coarse,0.025,1.2e-08,0.04,0.0,0.0,8.500000000000001e-10,0.43323494033429527,0.3467844012658316,0.6779458865674608,0.28811297167208283,0.34580215627385474,3.8166911454956724e-06,0.5372052931201756,ok
fit_c037,coarse,0.03,1.2e-08,0.04,0.0,0.0,9.000000000000001e-10,0.4387492230753639,0.2926528168063742,0.501199661663336,0.2502096116724091,0.5843856250759586,6.702728517041468e-06,0.8237522992163636,ok
fit_c076,coarse,0.03,1.2e-08,0.0,0.0,0.0,1.05e-09,0.45690071644740626,0.30314818157928697,0.3814128499292965,0.3552763520600634,0.6150101394724771,7.2910080435181044e-06,0.9729955315581285,ok
fit_c025,coarse,0.015,1.2e-08,0.04,0.0,0.0,9.000000000000001e-10,0.467938093878732,0.4111110183848243,0.8014703540596624,0.35987101472445915,0.2273083019756307,3.0791534393133334e-06,0.2970371811868838,ok
fit_c017,coarse,0.03,1.2e-08,0.04,0.0,0.0,8.500000000000001e-10,0.48575212169607285,0.3341605234944043,0.5990090158279661,0.2791891280291335,0.6063663928066741,6.94411023114063e-06,0.8446463517442107,ok
fit_l180,local,0.024,1.6e-08,0.02,0.0,0.0,9.024999999999999e-10,0.48753237213398254,0.45761810783594076,0.9254784647216627,0.384955057073599,0.11965705719216715,1.2213391037794117e-06,0.23175414426069738,ok
fit_l252,local,0.02,1.6e-08,0.02,0.0,0.0,9.5e-10,0.4984105788652931,0.46517842949143223,0.9308366107671157,0.39996580652059993,0.13292859749544342,1.899400224975727e-06,0.19491609542317512,ok
fit_c074,coarse,0.025,1.2e-08,0.08,0.0,0.0,1.05e-09,0.503429174366755,0.454060761677395,0.8843099026510265,0.41292523127255737,0.19747365075743997,2.131210118862729e-06,0.29132279322025856,ok
fit_l198,local,0.016,2e-08,-0.02,0.0,-1e-09,9.5e-10,0.5112230917810192,0.4175450110901035,0.7915996910171906,0.34055047811202926,0.37471232276366306,4.867570817530121e-06,0.4388056032240049,ok
fit_c005,coarse,0.015,1.2e-08,0.04,0.0,0.0,8.500000000000001e-10,0.5135979995763064,0.45929383057447626,0.899289467533804,0.40455134285468913,0.21721667600732053,2.964891554472599e-06,0.28779346221689295,ok
fit_l280,local,0.024,2e-08,0.0,0.0,0.0,9.5e-10,0.523503554160044,0.5002915459889179,1.0133862589313392,0.4202781053476887,0.09284803268450446,1.3494573370110088e-06,0.14165466707227525,ok
fit_c070,coarse,0.02,1.2e-08,0.08,0.0,0.0,1.05e-09,0.5261486954834802,0.5069101801198701,0.9810157412998814,0.4750012192579225,0.07695406145444061,1.1917206618409191e-06,0.119388933881657,ok
fit_c078,coarse,0.03,1.2e-08,0.08,0.0,0.0,1.05e-09,0.5299488160384189,0.42260785322777433,0.805390238915279,0.37330793605600926,0.42936385124257825,4.914110262243429e-06,0.5487868332571102,ok
fit_c061,coarse,0.01,1.2e-08,0.04,0.0,0.0,1.05e-09,0.5490574945746675,0.424295824945712,0.6863227973254915,0.3832722006825865,0.49904667851582174,6.356397075258259e-06,0.5481774208044718,ok
fit_l371,local,0.024,1.2e-08,-0.02,-2e-09,-1e-09,9.975000000000001e-10,0.5757087551487212,0.5463363496023321,1.1148898402661307,0.4493930893914292,0.11748962218555635,1.2131954895314928e-06,0.23075918937841894,ok
fit_l352,local,0.02,2e-08,0.0,0.0,0.0,9.975000000000001e-10,0.5793697985310123,0.5214615851636584,1.0330550303304062,0.44860214470499526,0.23163285346941603,3.1225679701448583e-06,0.2939559415302203,ok
fit_l216,local,0.016,1.6e-08,0.02,0.0,0.0,9.5e-10,0.6048897411932729,0.5311246167610346,1.0275554616037026,0.4707716824442196,0.29506049772895293,3.900408919092743e-06,0.3560209117573019,ok
fit_c054,coarse,0.025,1.2e-08,0.08,0.0,0.0,9.5e-10,0.6146556732179695,0.5585219361610174,1.086084310772222,0.5112962677088246,0.2245349482278085,2.457088493245485e-06,0.3135115115287552,ok
fit_c041,coarse,0.01,1.2e-08,0.04,0.0,0.0,9.5e-10,0.6274326873068197,0.5058180111987336,0.8798688372299981,0.4609215805921607,0.48645870443234446,6.215188024201088e-06,0.537103337981052,ok
fit_c050,coarse,0.02,1.2e-08,0.08,0.0,0.0,9.5e-10,0.6275979417113993,0.6118306323275453,1.1827843600455474,0.575603500863555,0.06306923753541588,1.0438638951619598e-06,0.0972407682348173,ok
fit_c058,coarse,0.03,1.2e-08,0.08,0.0,0.0,9.5e-10,0.6401460103835703,0.5243001411533602,1.0071900800240987,0.4670684211588185,0.4633834769208405,5.313783709329285e-06,0.5756610914554,ok
fit_l261,local,0.024,1.2e-08,-0.02,-2e-09,0.0,9.5e-10,0.654464336455891,0.6153458591131976,1.247214750053731,0.5148776178860611,0.15647390937077338,1.6179142090742848e-06,0.2765271139632268,ok
fit_c066,coarse,0.015,1.2e-08,0.08,0.0,0.0,1.05e-09,0.6647245628281784,0.591679559570256,1.1056990235552913,0.569487752069987,0.2921800130316895,3.848870240379822e-06,0.3396823175937095,ok
fit_c021,coarse,0.01,1.2e-08,0.04,0.0,0.0,9.000000000000001e-10,0.6691601267750998,0.5492481540395947,0.9773289840818191,0.5024110487823251,0.4796478909420206,6.1393746451216545e-06,0.5312113950933196,ok
fit_c034,coarse,0.025,1.2e-08,0.08,0.0,0.0,9.000000000000001e-10,0.6715218180501697,0.6116313709231818,1.1874749249100625,0.562387230760848,0.23956178850795215,2.6391172707365477e-06,0.3272382291862465,ok
fit_c030,coarse,0.02,1.2e-08,0.08,0.0,0.0,9.000000000000001e-10,0.6797013163565868,0.6651418535054514,1.284164498327657,0.6276586020084731,0.05823785140454175,9.91006890406905e-07,0.08572372209846081,ok
fit_l225,local,0.02,1.2e-08,-0.02,-2e-09,0.0,9.5e-10,0.6823038896673035,0.6589097962430827,1.326171505995429,0.5645021505608765,0.0935763736968833,1.3981853995764465e-06,0.1434153754475116,ok
fit_l316,local,0.016,2e-08,0.0,0.0,0.0,9.975000000000001e-10,0.6877390418026567,0.5922765988326805,1.1297794602400488,0.5245553801710523,0.38184977187990465,4.946849547338277e-06,0.4348658609689472,ok
fit_c038,coarse,0.03,1.2e-08,0.08,0.0,0.0,9.000000000000001e-10,0.696852110531586,0.576364497528379,1.1085345887128442,0.5164487570895566,0.48195045201282805,5.533419686136171e-06,0.5921647081795745,ok
fit_l102,local,0.016,2e-08,0.0,0.0,-1e-09,9.024999999999999e-10,0.7045753601799446,0.609297359318289,1.165815224964352,0.5389425886999281,0.3811120034466225,4.951834217986339e-06,0.43833402829960166,ok
fit_c001,coarse,0.01,1.2e-08,0.04,0.0,0.0,8.500000000000001e-10,0.712199418651678,0.5940933491243684,1.0751648290944191,0.5455165800888376,0.47242427810923837,6.059266779418915e-06,0.5250489157799922,ok
fit_l366,local,0.02,2e-08,0.02,0.0,-1e-09,9.975000000000001e-10,0.7177718648660187,0.6499527014719699,1.2593561957928079,0.5905513402488365,0.2712766535761954,3.60971407264007e-06,0.3240666967259932,ok
fit_l184,local,0.024,2e-08,0.02,0.0,0.0,9.024999999999999e-10,0.7267091220851067,0.7039754932767391,1.3887393930085155,0.6336827727016534,0.09093451523347032,1.4359008562450403e-06,0.14109413621555983,ok
fit_c014,coarse,0.025,1.2e-08,0.08,0.0,0.0,8.500000000000001e-10,0.729201676323479,0.665274868166294,1.2890891692946476,0.6147062922499413,0.2557072326287399,2.8347015154068573e-06,0.34255733351110657,ok
fit_c010,coarse,0.02,1.2e-08,0.08,0.0,0.0,8.500000000000001e-10,0.7329541275605496,0.7189568134325637,1.3857652235249105,0.680823394489285,0.055989256511943565,9.59994802017606e-07,0.07488759554462877,ok
fit_c018,coarse,0.03,1.2e-08,0.08,0.0,0.0,8.500000000000001e-10,0.7546249497221806,0.629129282750634,1.2101373381025677,0.5672693354627545,0.5019826678861867,5.769715189348649e-06,0.6110688002133278,ok
fit_c046,coarse,0.015,1.2e-08,0.08,0.0,0.0,9.5e-10,0.7633050130074074,0.6945752340881293,1.3074397502511994,0.6701666512984401,0.27491911567711247,3.6631060668920162e-06,0.32315205783258144,ok
fit_l275,local,0.024,1.2e-08,0.0,-2e-09,-1e-09,9.5e-10,0.7750016622529856,0.7518476286311256,1.4941605354400291,0.6657720316730499,0.09261613448744001,1.0313796147916e-06,0.16423139762314976,ok
fit_l375,local,0.024,1.6e-08,-0.02,-2e-09,-1e-09,9.975000000000001e-10,0.7835751786125904,0.7587052266198344,1.511114822015902,0.6676736519191836,0.099479807971024,1.5344330289287687e-06,0.15083932910016917,ok
fit_l189,local,0.016,1.2e-08,-0.02,-2e-09,0.0,9.5e-10,0.7838927303845367,0.7205071081418243,1.4228280519871284,0.6334224055719367,0.25354248897084947,3.414228865648462e-06,0.3147357548867824,ok
fit_l148,local,0.02,2e-08,0.02,0.0,0.0,9.024999999999999e-10,0.8125086589471672,0.7551293019707972,1.4677676782962679,0.692527923973985,0.22951742790547977,3.131593251932842e-06,0.28427204546642026,ok
fit_c026,coarse,0.015,1.2e-08,0.08,0.0,0.0,9.000000000000001e-10,0.813484417138028,0.7470983574931922,1.4088576189588917,0.722302536121952,0.26554423857934295,3.563672807177359e-06,0.31429279157384554,ok
fit_c075,coarse,0.025,1.2e-08,0.12,0.0,0.0,1.05e-09,0.8139359862043118,0.7870995910400049,1.480674114037914,0.7783504477839456,0.10734558065722752,1.4214962543695622e-06,0.14406204470092987,ok
fit_c079,coarse,0.03,1.2e-08,0.12,0.0,0.0,1.05e-09,0.8250438481259549,0.7435971705358925,1.4017495109733134,0.7219426124801047,0.32578671036024953,3.87180031776801e-06,0.3726444921437595,ok
fit_l330,local,0.016,2e-08,0.02,0.0,-1e-09,9.975000000000001e-10,0.8253719544048179,0.7215305372242684,1.3561345568192769,0.6689369041803003,0.4153656687221981,5.352371370614759e-06,0.4592533573807946,ok
fit_l239,local,0.02,1.2e-08,0.0,-2e-09,-1e-09,9.5e-10,0.830818505252019,0.7989386015741896,1.573117606662006,0.7211192004941507,0.1275196147113173,1.906208151364769e-06,0.18228972431868148,ok
fit_l157,local,0.024,1.6e-08,-0.02,-2e-09,0.0,9.024999999999999e-10,0.8538668312326169,0.8370869511156781,1.6602549317519046,0.7454428239674983,0.06711952046775485,1.0939589443374507e-06,0.0972407682348173,ok
fit_c062,coarse,0.01,1.2e-08,0.08,0.0,0.0,1.05e-09,0.8626749759891776,0.7309833197984138,1.2815473062239622,0.7185968033991718,0.5267666247630551,6.68889732580207e-06,0.5596944669408285,ok
fit_c006,coarse,0.015,1.2e-08,0.08,0.0,0.0,8.500000000000001e-10,0.8641539880272416,0.8002469179696738,1.5104700357196659,0.7756412342023913,0.255628280230271,3.459669912930407e-06,0.3045475986892362,ok
fit_l339,local,0.02,1.6e-08,-0.02,-2e-09,-1e-09,9.975000000000001e-10,0.8688796539449681,0.8093833047314265,1.5900971794696823,0.7257180172576366,0.23798539685416653,3.2271051281396986e-06,0.29219523315498397,ok
fit_c071,coarse,0.02,1.2e-08,0.12,0.0,0.0,1.05e-09,0.8771363574328079,0.847419105442404,1.5773793915754053,0.8523478782680896,0.11886900796161612,1.8691144717490076e-06,0.14624207518773444,ok
fit_c055,coarse,0.025,1.2e-08,0.12,0.0,0.0,9.5e-10,0.9339654512603104,0.901002993514268,1.6902752311018074,0.8949656096965253,0.1318498309841693,1.7461906813569546e-06,0.1699490394604867,ok
fit_c059,coarse,0.03,1.2e-08,0.12,0.0,0.0,9.5e-10,0.9458777588171998,0.8568866382348396,1.6113588096413012,0.8372633819769139,0.3559644823294412,4.267670983572749e-06,0.40337125533829155,ok
fit_c042,coarse,0.01,1.2e-08,0.08,0.0,0.0,9.5e-10,0.9581376132134818,0.8293436425942573,1.4833370125056606,0.8173444900261317,0.515175882476898,6.5609631702630575e-06,0.5486203841174087,ok
fit_l393,local,0.024,1.2e-08,0.02,-2e-09,0.0,9.975000000000001e-10,0.9595851526434455,0.9443513288412129,1.8331521025007218,0.881904722439593,0.06093529520893054,9.878034060446098e-07,0.10244478027665266,ok
fit_l271,local,0.024,2e-08,-0.02,-2e-09,-1e-09,9.5e-10,0.9855607355642907,0.9382429216221809,1.8338498592141586,0.8583120230131254,0.18927125576843892,2.6725955528421384e-06,0.24031791831340124,ok
fit_c051,coarse,0.02,1.2e-08,0.12,0.0,0.0,9.5e-10,0.9858847523737453,0.9611332010292288,1.7869555583860066,0.9696814112706598,0.09900620537806577,1.7301739496799265e-06,0.1289170005652338,ok
fit_c035,coarse,0.025,1.2e-08,0.12,0.0,0.0,9.000000000000001e-10,0.9950542522645796,0.9586758036596111,1.795444565394381,0.9548239945303809,0.14551379441987375,1.924673470622263e-06,0.18434974117498695,ok
fit_l093,local,0.016,1.2e-08,0.0,-2e-09,0.0,9.024999999999999e-10,0.9974051525471584,0.93177793071139,1.8018738235565448,0.8652182866938973,0.26250888734307376,3.5504502574182166e-06,0.31429279157384554,ok
fit_c022,coarse,0.01,1.2e-08,0.08,0.0,0.0,9.000000000000001e-10,1.0071745146789426,0.8799539903696078,1.5847249075613097,0.8687933025607927,0.5088820972373398,6.491972617224743e-06,0.5428618610492304,ok
fit_c039,coarse,0.03,1.2e-08,0.12,0.0,0.0,9.000000000000001e-10,1.0074212862937553,0.9142950153333689,1.7164977060324433,0.8965779027708071,0.37250508384154596,4.483492174745743e-06,0.42080485587542227,ok
fit_c067,coarse,0.015,1.2e-08,0.12,0.0,0.0,1.05e-09,1.0187618897181814,0.9342888971191188,1.7020748468274347,0.9537903205086671,0.33789197039624996,4.408868801863668e-06,0.3594566465054447,ok
fit_l193,local,0.016,1.6e-08,-0.02,-2e-09,0.0,9.5e-10,1.0197831720930406,0.9300306952063402,1.7924287744322829,0.8557767427377666,0.35900990754680123,4.6966937731482685e-06,0.40642916066469836,ok
fit_l161,local,0.024,2e-08,-0.02,-2e-09,0.0,9.024999999999999e-10,1.0203725618123483,0.9827209695177137,1.9185077502580046,0.9040212889466867,0.15060636917853854,2.237450943802774e-06,0.2026660367137739,ok
fit_l357,local,0.02,1.2e-08,0.02,-2e-09,0.0,9.975000000000001e-10,1.0272420498177908,0.9933032042924145,1.9121665022909964,0.9410693627609271,0.13575538210150498,2.074708004189006e-06,0.17727986056945974,ok
fit_c031,coarse,0.02,1.2e-08,0.12,0.0,0.0,9.000000000000001e-10,1.040848572783741,1.0187557437688848,1.8921315556093956,1.0299203608975818,0.08837131605942501,1.6668394291920989e-06,0.12802154117118328,ok
fit_l143,local,0.02,1.2e-08,0.02,-2e-09,-1e-09,9.024999999999999e-10,1.0494428424582287,1.0153292215800038,1.9543654888493538,0.9622064491469586,0.13645448351289946,2.1004629960955517e-06,0.18228972431868148,ok
fit_l343,local,0.02,2e-08,-0.02,-2e-09,-1e-09,9.975000000000001e-10,1.0565100569789163,0.9733393663328291,1.8766916324020484,0.9015670504759068,0.3326827625843487,4.375376322338322e-06,0.3758646920720597,ok
fit_c015,coarse,0.025,1.2e-08,0.12,0.0,0.0,8.500000000000001e-10,1.0568423662096682,1.0167893590959134,1.900736026512683,1.0157096081690302,0.1602120284550191,2.114341922470111e-06,0.20025169333320333,ok
fit_c002,coarse,0.01,1.2e-08,0.08,0.0,0.0,8.500000000000001e-10,1.05693728320833,0.9313895973041121,1.6863643401303785,0.92153728652606,0.502190743616871,6.418942337801086e-06,0.5366603746681153,ok
fit_c019,coarse,0.03,1.2e-08,0.12,0.0,0.0,8.500000000000001e-10,1.0697558831065157,0.9721679892453293,1.8217914110838158,0.9569195196202721,0.39035157544474597,4.714646897879335e-06,0.4401637541549899,ok
fit_l243,local,0.02,1.6e-08,0.0,-2e-09,-1e-09,9.5e-10,1.0808376243901296,1.0186907770493918,1.9604066469607704,0.9587773060014234,0.24858738936295152,3.3871673414412414e-06,0.2925875892399427,ok
fit_c011,coarse,0.02,1.2e-08,0.12,0.0,0.0,8.500000000000001e-10,1.0961646235287337,1.0768243781993383,1.9974174429558902,1.09117049022049,0.07736098131758166,1.6106170052626806e-06,0.12702658628890487,ok
fit_l125,local,0.02,2e-08,-0.02,-2e-09,0.0,9.024999999999999e-10,1.10714737898099,1.035059199356662,1.9975314952690406,0.9650261134659052,0.2883527184973119,3.8674502897085975e-06,0.33555503059481157,ok
fit_c047,coarse,0.015,1.2e-08,0.12,0.0,0.0,9.5e-10,1.1275032356252377,1.0468220528981278,1.911630443249743,1.0712743128336435,0.32272473090843995,4.250704921546605e-06,0.34651363331952667,ok
fit_l321,local,0.016,1.2e-08,0.02,-2e-09,0.0,9.975000000000001e-10,1.1346990830178325,1.058202269834194,2.0088817433542996,1.0171921103512727,0.30598725273455374,4.063694827038414e-06,0.3419131205748119,ok
fit_l107,local,0.016,1.2e-08,0.02,-2e-09,-1e-09,9.024999999999999e-10,1.1565571424199896,1.0800911731559133,2.0510905669756623,1.0382114412184398,0.3058638770563054,4.079230655056092e-06,0.3459285659407961,ok
fit_l307,local,0.016,2e-08,-0.02,-2e-09,-1e-09,9.975000000000001e-10,1.1598750438370944,1.0435231827180451,1.9734247755227632,0.98049368799826,0.46540744447619725,5.970464961701542e-06,0.500780346320235,ok
fit_c027,coarse,0.015,1.2e-08,0.12,0.0,0.0,9.000000000000001e-10,1.1825740070627593,1.1039584103800248,2.016826991760137,1.1316250490002169,0.3144623867309378,4.165607051502365e-06,0.34581716490193176,ok
fit_l207,local,0.016,1.6e-08,0.0,-2e-09,-1e-09,9.5e-10,1.1857670120420432,1.08634963278001,2.0571483510089936,1.0365174784814442,0.39766951704813236,5.164823914393845e-06,0.4338928860667795,ok
fit_l389,local,0.024,2e-08,0.0,-2e-09,0.0,9.975000000000001e-10,1.1875429359930636,1.1370970401877554,2.17655965963035,1.0868123345771166,0.20178358322123258,2.854796876924612e-06,0.23617305927056134,ok
fit_l175,local,0.024,2e-08,0.0,-2e-09,-1e-09,9.024999999999999e-10,1.197918792514164,1.1478033636040639,2.197778988837687,1.0965160877237492,0.20046171564040108,2.857279064272973e-06,0.24031791831340124,ok
fit_c063,coarse,0.01,1.2e-08,0.12,0.0,0.0,1.05e-09,1.209213396722254,1.0696186321012064,1.8779204207159685,1.1049904873174008,0.5583790584841902,7.061933120584295e-06,0.5729860916626535,ok
fit_l089,local,0.016,2e-08,-0.02,-2e-09,0.0,9.024999999999999e-10,1.2108757611262524,1.1034705845001913,2.0942812003220928,1.0429829021029904,0.4296207065042443,5.556655890551848e-06,0.46844402447584926,ok
fit_l289,local,0.024,1.6e-08,0.02,-2e-09,0.0,9.5e-10,1.2174834574191948,1.1915102236501223,2.2679364414864867,1.1551088181562625,0.10389293507629037,1.830808761946629e-06,0.13454676114921035,ok
fit_c007,coarse,0.015,1.2e-08,0.12,0.0,0.0,8.500000000000001e-10,1.2380393670120506,1.1616091826805865,2.1221484195020928,1.1930365337719782,0.3057207373258561,4.076617902159872e-06,0.34502120099610895,ok
fit_l139,local,0.02,2e-08,0.0,-2e-09,-1e-09,9.024999999999999e-10,1.2846865475035196,1.201547474888896,2.276824033226727,1.159731495735214,0.3325562904584945,4.403120399536625e-06,0.36700542581332385,ok
fit_c043,coarse,0.01,1.2e-08,0.12,0.0,0.0,9.5e-10,1.3166461304735795,1.1795811039022148,2.0875252343579147,1.2218152270329175,0.5482601062854588,6.9494515830736024e-06,0.5642097615620473,ok
fit_l403,local,0.024,2e-08,0.02,-2e-09,-1e-09,9.975000000000001e-10,1.367104704850377,1.3035610926825016,2.4514287646666673,1.2847635585010388,0.2541744486715018,3.479129859841917e-06,0.28950271856497256,ok
fit_l211,local,0.016,2e-08,0.0,-2e-09,-1e-09,9.5e-10,1.3710052881925918,1.2523458583038185,2.337073078101671,1.220038819923894,0.47463771955509326,6.088560959505468e-06,0.500780346320235,ok
fit_c023,coarse,0.01,1.2e-08,0.12,0.0,0.0,9.000000000000001e-10,1.371298956356909,1.2356088029321137,2.192705582069812,1.2819917518627986,0.5427606136991807,6.888645204230901e-06,0.563712284120908,ok
fit_l325,local,0.016,1.6e-08,0.02,-2e-09,0.0,9.975000000000001e-10,1.3898362533426516,1.2873192533082136,2.398395917282916,1.2718190335099058,0.4100680001377515,5.3089940182915585e-06,0.4311452398189052,ok
fit_l111,local,0.016,1.6e-08,0.02,-2e-09,-1e-09,9.024999999999999e-10,1.4051655962193594,1.302949407794454,2.428829298824912,1.2868456686069352,0.40886475369962183,5.310064114617756e-06,0.4342683639924484,ok
fit_l293,local,0.024,2e-08,0.02,-2e-09,0.0,9.5e-10,1.4066546363132482,1.3521291270949247,2.540048312217214,1.3377595791333776,0.21810203687329366,3.08893756885134e-06,0.2628379277199106,ok
fit_c003,coarse,0.01,1.2e-08,0.12,0.0,0.0,8.500000000000001e-10,1.4264692871226923,1.2922438910320686,2.29802146410613,1.3432799709109626,0.5369015843624949,6.823940741119408e-06,0.5632148066797689,ok
fit_l257,local,0.02,2e-08,0.02,-2e-09,0.0,9.5e-10,1.4934986884144306,1.4064813582325517,2.6190963009850354,1.4026919070973165,0.3480693207275154,4.585444940915881e-06,0.3855158647048411,ok
fit_l221,local,0.016,2e-08,0.02,-2e-09,0.0,9.5e-10,1.595623938867621,1.4760614713058744,2.7158530733991313,1.484057945161151,0.47824987024698656,6.127858913163516e-06,0.5082932971779994,ok
